info,name,title
多年软件开发和IT教育工作，精通C/C++、Java、MySQL、Oracle、JSP、Servlet等编程语言和数据库系统。曾参与了《江苏电信网上营业厅系统》、《甘肃电信代理商系统》、《中央电视台媒体资产管理系统》等项目设计及研发。,刘老师,高级讲师
多年的软件开发实战经验，成功开发DCD新闻阅读、号簿管家、手机中彩网、电子菜单等多个android应用，曾主导车务通、财运达等多个产品的系统分析与设计开发 等服务器。对android系统及其开发技术十分了解和掌握。,曹老师,高级讲师
软件工程硕士、系统分析师，有多年软件开发经验和IT教学经验，对JavaEE体系、Android开发体系均有深入的研究。先后在多家软件公司担任核心研发人员或系统架构人员，注重培养学员的实际动手能力，并能帮助学员快速积累开发经验。,李老师,高级讲师
精通Java技术体系，尤其对Android的技术体系有深入的理解。曾先后就职于英济，日立（中国），彩经网 等互联网公司。曾带研发团队实施敏捷开发流程，企业内部办公管理系统、仓库进销存管理系统、安卓互联网应用的研发等。,李老师,高级讲师
"8年以上软件开发经验，精通Java、PHP、ASP等编程语言。曾负责国家计算机安全中心的531和242等课题的研究,信息产业部号码携带运维系统，中国移动的等多个电信领域的软件项目的设计及研发。",陈老师,高级讲师
"高级讲师,apkbus专家之一。在移动领域有多年实际开发和研究经验。精通HTML5、Oracle、J2EE 、Java WEB编程、对Android应用开发与平台开发有较深入研究，善于结合现实生活将复杂晦涩的理论讲解出来，并总结其规律性。",马老师,高级讲师
有丰富的开发和教学经验，在金融领域工作多年，前后就职于神州付、钱袋宝等知名互联网公司。精通java，对android系统有深入的研究。讲课通俗易懂，妙趣横生，善于用简单的例子解决复杂的问题，深得学员的喜爱。,刘老师,高级讲师
精通Java、MySQL、sqlite等编程语言和数据库系统，对Android framework、Android常用框架研究深入，Android电商、资讯、市场类客户端开发经验丰富，曾主导某上市企业Android广告sdk研发工作。,邱老师,高级讲师
曾任Mbp集团研发一部高级软件工程师，6年项目经验。曾参与日本某公司网上商城（jsp + struts2 + spring + DBFlute）研发，类似京东商城；物联网监管平台（建设工程质量检测全过程系统）等。讲课一针见血，发人深省。,刘老师,高级讲师
曾经参与过中国银行网点规划管理系统、河南移动网上营业厅、郑州市科技局门户网站等项目。2010年开始从事培训工作，讲课思路清晰，能够引导学生去主动思考，擅长结合生活案例和图解的方式使学习变得轻松有趣。,张老师,高级讲师
"多年软件开发经验，精通Spring Struts、Hibernate、shiro、mvc等常用web开发框架，精通Android、IOS移动开发,曾开发中国联通手机钱包支付、中国人民银行客户端等项目，对手机sim卡的开发见解独到。",金老师,高级讲师
"先后任职新浪、搜狗等大型互联网公司,多年Android开发经验。主导开发过新浪微盘,新浪微盾,搜狗问问等多款百万用户级的App。精通Android架构设计及代码重构，思维严谨，构思缜密，擅长用通俗易懂的语言来解释晦涩复杂的代码。",殷老师,高级讲师
精通Android系统，有丰富的IT行业实战经验，在系统源码、系统应用定制、Framework层定制方面有深入研究，曾是华为、联想等多个大型手机ROM开发工程的中流砥柱。学生寄语：当你的才华还撑不起你的野心时，应该静下心去学习。,唐老师,高级讲师
"多年软件研发经验,精通java、javascript、ssh、ssm等。参与项目：邦购商城、飞信android手机客户端、帮贷宝等android软件项目。曾在夏普Android项目组担任技术经理,带领团队研发智能电视app开发项目。",陈老师,高级讲师
从事多年软件开发与教学工作，精通Java、mysql、jsp、ajax、struts、hibernate、spring等技术，曾在多家公司担任项目工程师，项目经理职务。组织开发CRM系统，信贷系统、报表系统等系统。,陈老师,高级讲师
多年软件开发经验，精通Java技术体系，熟悉客户端各种技术jquery、easyUI、extjs、flex、html5、Strophe、js、对页游、即时通讯、及高并发有深入的研究。曾参与或主持过农产品，天虹商场等大量项目研发与设计,朱老师,高级讲师
8年的软件开发经验，7年的教学经验。国内较早的JavaEE开发者、项目经理、系统架构师。在大型软件企业任职多年，主要参与中国移动大型项目的开发和设计、国家大区电网项目的研发、省级网上税务申报稽查系统研发等。,王老师,高级讲师
多年开发经验，先后担任高级软件工程师、技术经理、项目经理，负责安卓应用的开发和维护。曾负责开发大型警用业务系统、基于Arcgis的地理要素采集系统、交通要素采集系统。熟悉安卓系统架构，精通安卓自定义控件、多媒体应用开发。,秦老师,高级讲师
多年软件开发和教学经验，带团队开发过地方门户网站、税务局台帐管理系统、政府建设网、电信运营商管理系统、OA办公系系统等。精通SQL Server、Oracle、mySql、XML、JavaScript、jquery、Ajax Struts、Spring、Hibernate等。,谢老师,高级讲师
"曾就职于搜狐畅游大型互联网公司, 具有多年的Android开发经验。开发过银行类软件：中国银行、建设银行、南粤银行手机银行客户端；工具类软件：PhoneClean、LOCX等多款百万用户级的App，精通Android架构设计及代码重构。",王老师,高级讲师
"多年软件开发实战经验，曾在多家软件公司担任高级软件工程师，项目经理。参与过深圳移动税务局,中国新闻网新闻客户端,新浪微博等多个android应用的开发。对android体系结构有深刻理解。授课条理清晰，思路缜密，案例设计更加贴近工作。
",原老师,高级讲师
多年软件开发经验，曾任职深圳华南城网、北京海派通讯研发中心担任Android开发工程师。参与华南城逛市场app研发，宏德天下智宝优品项目研发。精通java、mysql、tml、javascript、android体系结构。,王老师,高级讲师
多年软件开发和IT教学经验，对J2EE及Android主流技术及开源项目轻车熟路。曾参与过字体管家，减肥日记等Android APP开发与后期维护。主导开发中国对外文化集团旗下中演票务通Android客户端开发及维护。,张老师,高级讲师
精通JavaEE技术体系。涉及主流技术及框架：Struts1、Struts2、Hibernate、MyBatis、Spring、Servlet、Jdbc、Jsp等；涉及数据库技术：Oracle、MySQL、SQLServer。《电信自助缴费系统》项目负责人，《云题库平台》核心开发人员。,王老师,高级讲师
精通J2EE、Android、C#、Oracle、SQLServer、SQLite、对Android应用层以及底层有深入研究。曾参与北京企业信用网，北京企业年检年报系统，北京食品追溯系统等大型电子政务网站，还曾参与千万级用户群的APP百思不得姐开发设计。,王老师,高级讲师
擅长Java、HTML、JS、Android。负责停车宝项目的新技术研发，熟悉蓝牙4.0通讯机制，NFC技术原理与实现。基于XMPP协议的即时通讯模块。有丰富的Android项目开发经验，让学生感受各种真实的开发场景。,张老师,高级讲师
"8年教育培训及开发经验，参与大唐电信云服务学习平台、新华瑞德云服务、FansPhone移动终端与云服务解决方案，海豚浏览器(dolphin)过亿级用户App开发，熟练掌握C++、Java、Python编程,热衷于数据结构和算法研究。",王老师,高级讲师
"多年Javaweb 和 android 项目开发经验，曾参与嘉禾人寿核心业务系统、明珠三国手游客户端、积分淘电子商城的android客户端。精通java web和android平台下的应用开发,熟悉手机游戏MMO RPG客户端开发技术。",王老师,高级讲师
多年软件开发实战经验，资深研发工程师，参与或主导多个移动OA、电子会议、IM等企业级产品的研发，对Android应用层和框架层有深入研究。讲授内容丰富，深入浅出，注重应用，解决工作中实际问题。,王老师,高级讲师
多年软件开发与管理工作，丰富的Android开发经验，对Android应用开发和Framework开发理解深刻。曾就职国内知名手机厂商对Android系统进行深度定制，熟练掌握Android应用程序优化，内存优化，布局优化等相关技术。,郑老师,高级讲师
精通Java、ASP.NET、Oracle、SQLServer等多种主流编程语言和数据库系统。对Java底层原理有深入研究。拥有大量项目经验，曾参与某省医疗信息化平台建设、及某大型教育信息督导管理平台的建设。,狄老师,高级讲师
9年以上软件开发经验，精通Java编程语言和Oracle、MS SQL Server、DB2等数据库，对Android、JavaEE开发有深入的研究和理解。主导或参与了《北京移动办公管理系统》、《摩托罗拉智能移动销售管理系统》、《人民网云拍系统》等项目的设计与研发。,刘老师,高级讲师
8年的软件开发经验。主持、参与了某省电信公司营帐系统、服务开通系统、人力资源管理系统、OA办公系统、ODS系统的开发。精通Java、C#、Python、Tcl、Oracle数据库等，并对HTML5有一定研究。,刘老师,高级讲师
从事多年软件开发工作，在android客户端框架的设计及使用上有很丰富的开发经验。曾参与了《风语者微信》、《方圆公证处客户端》、《联通沃友》、新浪《微米》、新浪《实惠》、《菠萝游》等软件的项目。对学生寄语：细节很重要，要注意积累知识点。,李老师,高级讲师
15年以上的软件开发、大型软件项目设计和团队管理经验。精通C/C++、pascal、Basic等各种编程语言，精通MySQL、Oracle、SQLServer等关系数据库。讲课深入浅出，将复杂理论转化为通俗易懂的语言，深受学生的好评。,朱老师,高级讲师
2001年毕业于杭州电子科技大学计算机系，曾在Cisco Webex和华为3com从事研发工作。参与Webex meeting Center、华为3com多功能路由器(MSR序列)、磁盘阵列设备开发。精通C/C++/Lua/QT、Linux/windows系统开发。,薛老师,高级讲师
"毕业于山东大学，计算机硕士。具有10年项目开发、项目管理经验，任事业部技术总监，长期一线项目经理。主持开发过的项目涉及银行、政府等应用领域。多年企业内训培训师，讲课深入浅出，深受学生和企业员工的好评。
",王老师,高级讲师
9年Linux开发经验，3年嵌入式教学经验。精通Linux内核开发、内核系统移植、ARM SOC体系结构设计、C/C++、python、LISP、ARM/X86汇编、java脚本等编程语言，全栈工程师对计算机原理从上到下融会贯通。,邢老师,高级讲师
具有7年的软件开发实战经验，曾在中国石油集团担任高级软件工程师。精通C/C++、Java、Cocos2d-x、Linux系统编程。参与过油田油井GIS方向研发、油藏工程软件的研发。授课幽默风趣，思路清晰，深受学员好评。,刘老师,高级讲师
8年的Windows/Linux系统下C/C++/QT开发经验，精通C、C++、Qt编程语言。参与过中石油的数字地震队队部管理系统、保密局等政府机构国产Linux操作系统下漏洞扫描工具，安全检测平台等项目的开发。,苏老师,高级讲师
7年计算机应用开发经验，3年嵌入式应用教学经验，3年Linux系统编程经验。精通Linux操作系统和Linux环境C/C++、python、shell脚本等主流编程语言，4000余堂课的教学经验，千余学员及企业工程师的培训经历。,王老师,高级讲师
"多年的软件开发经验，精通C,C++,C#,Javascript,Lua等编程语言，精通MySQL,Oracle,SQLServer等关系数据库，Windows,Linux,OSX,Unix等多平台的开发。跨平台QT界面开发.WEB网站开发,后端服务器开发。授课负责、风趣。",刘老师,高级讲师
多年互联网网络安全和智能家居领域及服务器研发经验，曾任职国家互联网应急中心关口监测系统研发经理职位。精通C/C++程序设计，精通Python、UnixShell等脚本编程，授课风格语言幽默、课程生动形象，始终以学生理解为第一教学目标。,刘老师,高级讲师
具有多年软件开发经验，精通C、C++、C#、OC、LUA等编程语言，对Qt、Mfc等图形界面开发有深入研究，精通SQL，MYSQL等关系型数据库语言，精通cocos2D、Unity3D游戏引擎开发。授课有激情，思路清晰，认真负责，幽默风趣深受学员好评。,张老师,高级讲师
具有多年的软件开发经验，从事过后端服务器开发，WEB网站开发，具有高度的责任心。精通C/C++、java、php。曾担任过后端服务器开发工程师，java开发工程师，php开发工程师。教学经验丰富，授课幽默，思路清晰，深受学员好评。,孟老师,高级讲师
具有多年的软件开发经验，长期从事电子政务项目开发，精通C/C++、Qt等编程语言，参与过国税电子发票系统、广东CA证书认证系统等项目开发，教学注重实践，经验丰富，始终以学生的进步和发展为第一教学理念。,韩老师,高级讲师
多年研发经验和教学经验。精通Linux操作系统各种应用开发，精通C/C++语言编程，对GTK+、Qt、MFC等图形界面编程有深入研究，精通web开发、精通网络编程，交换机、路由器、TCP/IP协议栈等。拥有丰富授课及培训技巧，讲课幽默生动有趣，深入浅出。,江老师,高级讲师
8年电信行业开发经验，2年金融行业开发经验，工作10年一直从事linux系统下后台服务器端开发，精通linux环境下C/C++、shell等语言开发，精通oracle、mysql等关系型数据库。,高老师,高级讲师
丰富的软件开发经验和互联网思维，精通web框架springmvc、spring，善于设计数据底层、缓存层，曾分析jedis源码，并设计编码分布式缓存。从事hadoop研发多年，对大数据存储、流式计算、离线计算具有丰富经验。,王老师,高级讲师
JAVA企业级应用专家、大数据实时处理技术领域专家。从事多年JAVAEE、大数据处理方向的研发，设计和管理工作，擅长分布式开发和实时计算。对Hadoop、Hadoop Mahout、Storm/Jstorm、Spark等大数据领域技术框架有一定的实践经验。,毛老师,高级讲师
多年JAVAEE开发及编码经验，主导多个项目开发，涉及电信、征信、电商等多个行业，熟悉SpringMVC、MyBatis、Spring等JavaWeb技术，同时多年大数据开发经验，熟练解决各种大数据场景下的数据分析，擅长分布式数据存储等问题。,王老师,高级讲师
高级互联网软件工程师，曾担任某物流公司CRM开发团队TL。多年JAVAEE、大数据领域研发经验。擅长分布式开发和离线处理计算。对Hadoop、Flume、kafka、spark、ELK等大数据生态领域技术有一定的实践经验。,闻老师,高级讲师
多年JAVAEE开发经验，多年的大数据开发，对大数据领域中的常用框架hadoop、hive、flume、kafka、storm、spark等有丰富的实战经验和研究，擅长从海量数据中结合业务梳理出计算模型。熟悉企业虚拟化技术，对KVM有一定的实战经验。,李老师,高级讲师
"从事多年Java软件开发及相关教育工作，熟悉 javaSE，javaEE，Struts1,2，spring，hibernate，Oracle，SQLServer，MySQL，javascript，AJAX。曾在多家公司担任项目工程师，项目经理职务。",崔老师,高级讲师
JavaEE开发与教学多年，精通JavaEE技术体系，对流行框架JQuery、DWR、Struts1/2，Hibernate，Spring，MyBatis、JBPM、Lucene等有深入研究。授课逻辑严谨，条理清晰，注重学生独立解决问题的能力。,汤老师,高级讲师
近十年互联网软件开发和教学经验，擅长JavaSE、JavaScript、Ajax、JQuery、DWR、JSP，Servlet、JDBC、Struts1/2、Spring、Hibernate、PHP，C#等开发技术。以独特的风格和教学精神影响着学员们。,赵老师,高级讲师
"资深讲师，精通SQL Server、MySql、Oracle等数据库,深入掌握struts、hibernate、spring等开发框架，熟练使用JqueryEasyUI、Ext等前端技术的开发。参与过《北京市人口基础信息服务系统》等十多个项目的研发。",刘老师,高级讲师
"多年软件开发和教学经验,对Android应用层以及底层有深入研究。参与过联想乐关联,联想乐商店,360导航团购,每刻资讯项目等商业项目。主导过海淀卫生局,住建委多个政府PDA终端设计与开发。",翁老师,高级讲师
先后在中软、文思创新、人人网等担任过高级软件开发工程师、项目经理等职务。熟悉Java EE(JSP/Servlet、 JDBC、Struts2、Spring、Hibernate)应用开发。曾主持参与开发基于Android平台的视频点播、手机电视、无线点餐、人人网等项目。,李老师,高级讲师
"多年教学与开发经验，专注javaEE开发，精通javaSE,JSP，Servlet、JDBC、Struts1/2、Spring、Hibernate等。曾参与主持开发太平洋二手车网、大型网站用户行为分析系统、公司客户管理系统等项目。",钟老师,高级讲师
多年移动互联网产品设计和开发经验，任职普信恒业期间，带团队设计开发了目前十分火热的移动互联网金融产品《掌钱宝》。任职风语者期间，带团队设计开发了《移动公证》《风语语音导游》《风语者》《S-China》《中译通》《找翻译》等众多热门应用。,刘老师,高级讲师
精通Java、SQL Server、MySql、JSP等语言和数据库系统，深入掌握struts、hibernate、spring、JSF等框架。先后在炎黄盈动等企业担任过技术经理、项目经理、高级讲师等。先后主持开发BPM系统、商业购物系统、CUM与BPM接口系统等。,梁老师,高级讲师
"多年软件开发和项目管理经验，精通Java EE(JSP/Servlet、 JDBC、Struts2、Spring、Hibernate、mybaits)，以及 WebService,Ajax，Oracle，DB2，MySQL，NoSql等。参与项目胜利油田办公自动化平台、武警部队信息化系统等。",赵老师,高级讲师
"多年软件开发与教学工作，熟练掌握 java,sqlserver,mysql,jsp,ajax,struts,hibernate,spring等技术,主持与参与过市级财务系统，工会宣传，企业管理等系统开发。对培训有深刻的理解和把握，擅长实践和理论相结合。",杜老师,高级讲师
多年软件开发和教学经验，精通Java 、SQLServer、Oracle、MySQL、JSP、Servlet等编程语言和数据库系统。深入研究流行框架 Struts、Spring、Hibernate，曾参与开发某军区医院 《OA办公系统》等多个大型项目。,石老师,高级讲师
精通JavaEE技术体系、PHP、JavaScript、RIA 等主流开发语言。先后担任过高级软件开发工程师、项目经理、系统架构师，丰富软件开发和教学经验。 曾参与中国国电集团万盛电厂、黑龙江网通考试系统、神舟航天AVDIM平台设计研发等。,姜老师,高级讲师
"国内云计算软件研发先驱，是SaaS中小企业长尾理论的第一批实践者。如：云计算(SaaS)项目HiService-CRM,HiService-SCM，涉及用户包含保利、歌华有线等。擅长：javaSE/EE及常用开源框架、自定义框架开发与使用、Oracle与SQLServer等。",栾老师,高级讲师
"多年项目开发经验及丰富授课经验，对JavaEE主流技术驾轻就熟（JDBC，Struts1/2，Spring，Hibernate,JBPM，WebService，MyBatis等技术）。参与研发项目有中国电信运营商管理系统，广东移动手机病毒多维度侦测系统等。",袁老师,高级讲师
"精通JavaEE技术体系、Android、JavaScript、深入掌握struts、hibernate、spring、springmvc, mybatis等技术框架。先后任职于李宁、聚齐、清华同方等多家公司。授课风格：授课风趣幽默，深入浅出。",刘老师,高级讲师
丰富的IT培训教学经验，精通Java开发技术（JSP/Servlet、JDBC、JAXP、Struts2、Hibernate3、Spring、JPA），热衷主流Java开源框架，曾参与中国电信计费系统、银行自动服务后台操作系统等。,唐老师,高级讲师
10多年开发经验，历任架构师、项目经理等职位，曾主持开发《全国党员远程教育网络管理系统》《辽宁省全网时钟同步监控系统》《郑州地铁CCTV网管系统》《江苏开放大学教务管理系统》《百姓数据网》等项目。,苗老师,高级讲师
"北大计算机毕业，曾在中科软信息担任系统架构和设计工作，并有丰富的授课经验，精通常用算法数据结构、JavaEE相关技术，尤其是当前流行的框架技术(ibatis/Mybatis,struts1/2,spring,ajax/jquery/dwr)等。",王老师,高级讲师
拥有丰富的软件开发经验和IT培训经验。曾任汇丰(广州)软件研发中心项目经理、广州荆棘鸟科技技术总监。主导开发了汇丰银行在日本、新加坡、悉尼等国家的证券交易清算系统等，精通JavaEE技术平台。教学箴言:简单的就是美。,徐老师,高级讲师
深入研究过C、C++、VB、VC等语言，后采用Java开发，数据库使用Oracle、SQLServer、MySql、熟练掌握JavaScrip、CSS、XML等技术，掌握C/S、B/S开发模式。曾开发过C/S系统，B/S模式使用JSP和Java、Struts、Hibernate等。,杨老师,高级讲师
多年软件开发工作，熟练掌握java、mysql、jsp、ajax、struts、hibernate、spring等技术，曾参与过中国农业银行资金交易管理系统，中石化物探研究院实验中心开放平台，高速公路监控平台等项目的设计与开发工作。,任老师,高级讲师
高级移动互联网软件工程师，涉足Java、Android、iOS等平台，曾参与当时国内最强的移动端自动化性能测试项目BMPT研发，曾主导研发k12教育业行内前沿项目ICS系统。学生评价：耐心负责，上课风趣幽默，有激情。,谭老师,高级讲师
"多年大型项目实战经验，擅长高并发，高可用，大数据量处理平台的搭建。精通java,js,mysql等编程语言和数据库系统，对web框架springmvc,spring,hibernate/mybatis有丰富使用经验，曾参与《大型电子商务平台管理系统》等项目开发工作。",李老师,高级讲师
8年以上的项目经验，先后担任过高级软件工程师，软件系统架构师，项目经理等职位。曾主导或参与电信行业CRM、增值业务、BI以及电子政务、企业ERP等项目，具体的工程项目有：移动12580/联通114，移动10086/电信10000等。,张老师,高级讲师
资深软件开发工程师，项目经理。曾任职于亚洲最大在线学习系统开发公司；也在近几十个大中小型系统开发中担任工程师和负责人。教学耐心、逻辑思维严谨、课堂氛围活跃、责任心强、激情昂扬、乐于分享。,廖老师,高级讲师
精通c/c++、oc、java、c#等语言，精通多个主流移动操作系统开发，善于研究和熟悉各种算法。多年从事iOS/Android/WinPhone项目开发。参与并带领开发多个跨平台移动项目:梦幻游戏城、滴滴打车、大姨吗、好孕妈等。,詹老师,高级讲师
曾在多家公司担任过高级工程师，技术部经理等工作。在中科院自动化研究所任职期间，参加了国家863计划《信息技术领域高融合度增强现实技术及系统项目》。精通Java技术和主流的关系型数据库。对JavaEE核心以及SSH框架也有较深入的研究。,张老师,高级讲师
Java企业级应用专家、WEB技术专家，中科院软件工程硕士。07年起曾主持研发过多套软件培训课程与教材，精通JAVAEE、PHP、RUBY、JavaSCRIPT、RIA等多种主流开发语言，曾主持参与过中国联通UMMS二期工程等多个大项目。,于老师,高级讲师
熟悉JavaSE，JavaWEB，Oracle，MySQL等相关技术，对于分布式架构、NoSQL技术有较深入的研究。参与开发项目包括：《吉林联通结算管控项目》《四川联通智能云管家项目》《公安边防应用软件一体化平台》《新华云盘》等项目。,王老师,高级讲师
"2005年参加工作，有多年的软件开发和教学经验。先后担任过高级软件开发工程师，项目经理，系统架构师等职务。精通C/C++，Java，Delphi 等开发语言。对互联网项目有深入理解。授课思路清晰，深入浅出，语言风趣幽默。
",苏老师,高级讲师
"拥有丰富的教学经验,擅长JavaEE项目的研究与教学,有丰富的行业知识, 用最简洁的方式讲解JavaEE方向的课程。擅长JavaWeb,MySql等课程的讲解，曾经参与山西省财政厅财政实物管理系统,同煤集团隐患排查管理系统的开发等项目。",王老师,高级讲师
"精通Java、C、Android等技术体系，深入掌握struts、hibernate、 spring、springmvc, mybatis等技术框架。曾参与《客户关系管理系统》、《信贷系统》、《报表系统》等软件的项目分析设计及研发。",陈老师,高级讲师
15年软件开发及教学经验，先后在国内IT名企担任高级软件开发工程师、项目经理、系统架构师、技术总监等职务。精通C#、Java、PB、MySQL、SQLSERVER 、Oracle等编程语言和数据库系统，开发的项目涵盖电子商务等众多领域。,娄老师,高级讲师
"多年互联网金融行业开发经验,曾在多家公司担任高级软件开发工程师，能够灵活的运用多种技术完成相关业务的开发工作。熟悉javaSe 、 SSH、SpringMVC、myBatis、ExtJs、dubbo、MySql等多种技术。",惠老师,高级讲师
丰富项目实战经验，精通Java、JSP、Servlet、Oracle、Mysql、sqlserver等编程语言和数据库技术。对Struts1/2、Spring等流行技术框架有深入理解。曾参与项目《银行薪酬管理系统》 《亿佰商城》等的分析设计和研发。,马老师,高级讲师
多年开发和教学经验，精通Java、JSP、Servlet、MySQL、Oracle等编程语言和数据库系统。深入研究流行框架 Struts、Spring、Hibernate、缓存系统Redis等。在多家软件公司担任项目工程师，曾参与开发天津《物流中心货运管理系统》等。,康老师,高级讲师
具有丰富软件开发和教学经验，精通Java开发技术（JSP/Servlet、JDBC、JAXP、 Struts2、Hibernate3、Spring等），热衷于主流Java开源框架、Web开发技术。代表软件/项目有《中国南车集团OA》等。,刘老师,高级讲师
7年以上开发经验，参与过大型的电子商务购物平台开发，在我友科技、杭州数云信息技术担任开发经理职位。曾参与项目：《NewBI》《我友商城》等。精通Spring、SpringMVC、Mybatis、Redis、Mondrian、OLAP4J等技术框架。,张老师,高级讲师
精通Java体系开发技术（JavaSE、JSP/Servlet、Strust2、Hibernate、Spring、MyBatis）和MySQL、Oracle数据库系统，参与开发上海电信视频监控轻平台、智能水产养殖与水环境监控系统、外贸开发管理平台等项目。,彭老师,高级讲师
有多年开发及教育经验，项目涉及互联网金融、 保险、酒店等行业，熟悉javaSE、javaWEB、mysql、 SpringMVC、MyBatis、Spring、solr等技术。授课风格：由浅入深，善于与学生互动，注重实战。,杨老师,高级讲师
"具有多年开发经验,曾先后在重庆科普、微创、爱奇艺等多家软件公司担任高级软件开发工程师、项目经理等职务，熟悉Java EE(JSP/Servlet、 JDBC、Struts2、Spring、Hibernate)应用开发。 ",石老师,高级讲师
多年软件开发工作，历任高级软件工程师、项目经理、培训师等职务，熟练掌握 javaSE、javaEE、Struts、spring、hibernate、MyBatis、SpringMVC、Oracle、MySQL、javascript、AJAX等技术。授课思路清晰，通俗易懂。,许老师,高级讲师
多年软件研发和教学经验，曾在工作中担任移动端研发负责人，并在多家公司担任技术顾问。精通C/OC/C++语言，并对底层原理有较深研究。语言表达能力强，风趣幽默，课堂气氛活跃，讲解细致，并常结合工作中的实际应用场景，深受学生喜爱。,谷老师,高级讲师
多年软件开发工作，曾就职于合力亿捷电信集团、启航方舟等公司，丰富软件开发经验。曾参与过中国联通总部行业应用汇聚平台、开锁智能服务系统、灾情卫士、Fesco人力资源等系统开发，担任项目经理、高级软件工程师、高级讲师等职务。,郭老师,高级讲师
多年Java开发与教育工作，精通Java、Oravcle、MySql、Jsp、Servlet、Struts2、Hibernat、Spring、Android、Hadoop等编程语言数据库与技术框架等，参与日本崎玉县道路管理系统，Android少儿益智游戏蜗牛快跑等项目。,赵老师,高级讲师
多年软件分析、架构设计及开发经验，精通javaEE企业级开发，技术范围涉及java、android、php、hadoop等。开发项目主要有《智慧城市之物业系统》，《P2P网贷系统》，《海航物流系统》等。讲课诙谐幽默、思路清晰。,郝老师,高级讲师
多年开发和教育经验，精通C/C++、Java、Python等开发语言以及MySQL、Oracle、SQLServer等数据库。对流行框架Struts1、Struts2、Hibernate、Spring、MyBatis等有深入的研究，曾参与《全国交强险平台核心系统》等多个大型软件开发项目。,安老师,高级讲师
精通C/C++、Java、Python汇编、MySQL、Oracle、sqlServer、DM、HBase、redis、MongoDB等语言和数据库系统及分布式数据库系统。对流行框架struts2、springmvc、spring、hibernate、mybatis有很深入的研究。,胡老师,高级讲师
从事JavaEE的开发与教学15年，精通JavaSE、Android、JavaEE各大主流框架和数据库。2012年评为广州培训行业十大金牌讲师，2012年~2015年被东软外聘为Java考评专家。2015年6月出版发行《JavaEE SSH框架开发项目教程》。,刘老师,高级讲师
具有多年技术创业经验，曾开发电商系统、电商广告系统并凭借该系统成立独立软件公司，曾为大型外贸企业规划并主导垂直B2C电商技术体系。深入了解Java虚拟机，喜欢探寻事物内在关联。具有超过五年Java教学经验，教学风格平实稳重，逐步深入。,朱老师	,高级讲师
资深讲师，精通Oracle、MySql等数据库、深入掌握Struts、Hibernate、Spring等开发框架、熟练使用Jquery、ExtJs等前端技术的开发。曾以技术经理身份参与《智慧树在线教育平台》《ELT进销存管理系统》等多个项目研发。,胡老师,高级讲师
近十年的开发和JavaEE授课经验，具有很强的项目实战能力及项目架构设计能力，精通Spring、hibernate、mybatis、Struts2、jQuery、JavaScript、Ajax、json、easyui、 WebService、Lucene、Maven等技术。授课通俗易懂、幽默风趣。,李老师,高级讲师
5年电子商务实战经验，专注于天猫、淘宝、京东等第三方平台运营，涉及多个热门行业，先后就职于瑞金麟、优曼集团。擅长平台店铺运营、目标分解等，精通电商平台规则、运营策划、推广工具、数据分析及爆款打造。,王老师,高级讲师
网络营销实战型专家，11年互联网营销及网站运营经验，4年网络营销服务团队管理经验。精通社会化媒体及新媒体营销，曾服务过数百家B2B门户网站。擅长运用互联网思维，辅以经典案例，以理论+实践深入浅出的授课。,高老师,高级讲师
互联网行业从业十多年，曾任网站和电子杂志主编、市场营销主管、媒介主管、文案策划主管，文案策划、市场营销、网站运营和媒介监测经验丰富。曾主导腾讯游戏发布、腾讯动漫整体媒介营销、设计行业大赛策划和运营。,吴老师,高级讲师
致力于网站策划运营、网络营销推广SEM/SEO、淘宝SEO、QQ群优化、数据分析等媒体方面的研究与实践五年有余，经验丰富。在多家高热度网站拥有个人专栏，为众多互联网从业人员提供免费职业辅导和工作指导，拥有忠实粉丝圈，口碑在业界广为人知。,王老师,高级讲师
多年软件开发和教学工作，先后主持开发长春互联网刷卡系统、台湾写作外包网、天外飞音、IVR语音系统等项目。技术方面精通PHP、c#、Smarty、Jquery、wml、vxml、mysql，热衷于主流LAMP网站解决方案、Smarty和JQuery框架。,李老师,高级讲师
资深PHP开发工程师，中南大学软件工程毕业。多年web开发和教学工作，参与多个web项目的开发，带领团队开发公司官网、基于ERP的经销商门户网站、在线教育管理平台、资源管理平台、大中型电子商务系统等。,马老师,高级讲师
北航计算机硕士，多年大型项目开发管理经验，精通PHP、.Net、Java、MySQL、SQL Server、Oracle等技术，主持编写过多所计算机培训学校教学大纲和教学体系，主持参与《揽胜天下旅游业综合电子商务交易平台》等大型项目。,孙老师,高级讲师
毕业于吉林工业大学，资深web工程师，在web开发与应用方面拥有多年实践和教学经验，先后为农业部信息中心和用友公司等单位服务过。讲课思路清晰易懂，语言幽默风趣，作风细致耐心。对程序开发的感悟是：Just do it !,罗老师,高级讲师
"5年开发经验5年教学经验，精通Ajax、Linux、ThinkPHP、Yii、SVN、jQuery、Redis、Mysql、XML等,参与开发过生化、医疗、服务器管理、幼儿智力及中小学线下教育系统。讲课风趣幽默，喜欢借助生活常识来强化学习效果。",孙老师,高级讲师
多年网站开发和教学经验，先后开发和参与过富士通电子书预览系统、OA办公系统、快递追踪系统等50家网站。精通DIV+CSS、PHP+MySQL、数据库优化配置、中文检索、Jquery、smarty、JavaScript、ThinkPHP、ZendFrame等。 ,姚老师,高级讲师
PHP高级开发工程师，多年PHP项目经验。曾带团队开发过游戏后台管理系统、游戏官网、游戏平台系统、电子商务系统、微教育平台系统等。精通PHP、HTML、CSS、JavaScript、jQuery、Bootstrap，mysql等技术。,彭老师,高级讲师
php高级工程师，多年开发和教学经验，参与开发过PMS系统，企业平台，电子商务系统。曾独自开发储值卡管理系统，用户签名管理系统。精通php、JavaScript、CSS3.0、HTML5、Mysql、SQL Server、Oracle，Java。,康老师,高级讲师
多年PHP项目开发经验，曾主持etcms微信系统、etshop商城系统等多个大型项目开发。技术擅长PHP、ASP、Wechat、Javascript、jQuery、Linux、ThinkPHP。对手机网站、响应式设计、微信二次开发有丰富开发经验。,王老师,高级讲师
"多年开发及教学经验，曾主持开发迈瑞途旅游网，清华EMBA培训网，宇创传媒网等。精通PHP,熟悉Laravel等流行框架。对大型网站架构经验丰富。授课特点：案例驱动，融会贯通，人人听得懂，学得会。",刘老师,高级讲师
拥有多年web开发经验和教学经验。作为公司核心技术骨干，参与开发过多个大型门户网站、电子商城网站、公司内部应用软件。精通html、css、javascript、php、mysql。授课风格：语言幽默，逻辑清晰。,刘老师,高级讲师
"毕业吉林大学，具有多年的php开发经验，多年的php教学经验，精通xhtml,html5, css,javascript ,jquery,ajax,mysql,mongodb,php主流框架等。授课特点：通俗易懂，条理清晰，学以致用。",张老师,高级讲师
"对Yii2,  Laravel5,  Codeigniter等深入研究，在数据库设计，程序设计及PHP流行框架使用上开发经验丰富。善于使用开源技术解决问题。曾参与开发北大继教院培研平台，创业公司CRM,ERP,产品标准化等系统的架构设计开发。",苏老师,高级讲师
多年开发授课经验。曾参与北京奥运会危险物检测系统，海尔移动商务平台的开发。精通DIV+CSS、JavaScript、Ajax、Jquery、PHP+MYSQL、Smarty、ThinkPHP、Dedecms、Java、C#等，目前专注LAMP架构。,黄老师,高级讲师
多年实战PHP开发经验，先后主持和参与企业CMS、在线模拟炒股、云汽配ERP系统、云汽配电子商务平台等多个web项目，精通PHP、MySQL、js、jQuery、CSS、Linux等技术，教学风趣幽默有激情，注重培养学生的学习能力。,赵老师,高级讲师
"拥有10年实践和教学经验，带领团队开发过多个电子商务平台，教务管理系统，信息搜索类网站，SNS型社区等；精通php、javascript 、Jquery、ajax、mysql优化、linux架构，nginx负载均衡，mongodb、php主流框架,开源产品二次开发等技术。",韩老师,高级讲师
多年PHP项目实际开发经验。擅长js代表编写，开源技术狂热爱好者，对大规模网站构建技术和服务器安全方面研究较深，精通XHTML、CSS、JavaScript、jQuery、PHP、MySQL、Ajax，C51等，专注于LAMP架构。,宋老师,高级讲师
多年软件开发及项目管理维护经验，技术擅长PHP、JavaScript、Mysql优化、jQuery、Wechat 、PHP主流框架开发、开源产品二次开发。曾带领团队参与开发公司官网、大中型电子商务网站、大客户管理系统、OA办公系统等。,王老师,高级讲师
具有多年的开发经验，对基于系统上的智能监控、蓝牙方面有一定的研究，曾参与以智能监控为基础的家庭管理平台的开发，擅长以通俗易懂的语言通过将理论与实践相结合的方式深入浅出的来讲解逻辑晦涩结构复杂的代码。,刘老师,高级讲师
多年PHP项目开发经验。参与开发企业后台管理系统，某大型教育机构全国招生系统，电子商务系统等。精通Html、JavaScript、DIV+CSS、jQuery、MySQL。精通ThinkPHP、CodeIgniter等开源框架，热爱开源技术。授课有激情，善于引导学生思考。,蒲老师,高级讲师
"5年开发经验4年教学经验，精通web前端、Ajax、Linux、ThinkPHP、git、jQuery、Mysql、XML等,参与开发过楚楚街电子商务、教育考试系统、金农热线等项目。讲课沉稳、条理清晰，善于使用现实生活中的现象描述编程，启发学生。",汤老师,高级讲师
"作为php工程师，具有多年php开发实战经验,对于DSP、SEM、CRM相关业务模式系统，进行过深入研究及开发，了解企业实际使用需求。追求开源技术，熟悉php高级应用、mysql优化、wap移动端、ajax异步操作、linux服务器搭建及其安全性设置等相关技术。",贾老师,高级讲师
php高级工程师，曾在纳斯达克上市公司担任项目经理，带领团队负责集团核心项目的研发工作，项目涵盖门户站、CRM、HRM等诸多方面。精通php、javascript脚本语言，对ThinkPHP、jQuery等主流开源框架、数据接口以及数据安全方面有较深的研究。,杨老师,高级讲师
具有多年的软件开发经验，从事过后端服务器开发，WEB网站开发，具有高度的责任心。精通Python、C/C++。曾任高级后端服务器开发工程师。,孔老师,高级讲师
从事互联网项目开发管理多年，熟悉html、css，精通jquery.js，对于服务器与前端均有深入研究。上课幽默，深入浅出，将枯燥的知识以通俗的方式展现，深受学生好评。,刘老师,高级讲师
从事多年软件开发工作，主导或参与《4G LTE铁路无线集群建设》、《部队视频指挥调度系统》、《基于GIS应急指挥调度系统》、《移动执法系统》等，尤其熟悉Camera和RIL驱动。对SIP协议、RTSP协议、H264协议有较深入的研究。,黄老师,高级讲师
从事过四年UI设计工作、六年前端开发工作，曾在CSDN担任核心前端开发工程师、某互联网公 司前端主管。精通前端相关技术，包括html、css、原生JavaScript、jquery库、Ajax、HTML5和 CSS3等。也熟悉后端脚本PHP、NodeJS等。热爱研究技术。热衷于思考和实践如何用最直白的方式讲述某个技术问题，让学习者能快速的掌握问题的本质。,谢老师,高级讲师
10年Linux平台互联网开发经验，业界资深讲师。精通Linux内核开发、内核系统移植、ARM SOC体系结构设计、C/C++、Python、Javascript、LISP、ARM/X86汇编等编程语言，全栈工程师对计算机原理从上到下融会贯通。,邢老师,高级讲师
从事软件开发工作8年，精通 C语言、Objective-C、Python、PHP、Shell等编程语言，对TCP/IP网络协议、数据采集、Selenium自动化测试有深入的研究，对类Unix系统底层有丰富的开发经验。授课风格风趣幽默，认真负责。,王老师,高级讲师
多年软件开发经验，熟悉C/C++、Python、HTML/CSS等编程语言，精通Linux下Python爬虫开发、数据采集解析和数据分析展示，以及 Tesseract OCR字符图像识别系统应用。有丰富Web服务器后端开发和分布式网络爬虫开发项目经验，授课经验丰富。,毛老师,高级讲师
多年软件开发经验，主要从事Linux后台服务程序。精通c/c++、python等编成语言，熟悉Linux系统编程，数据库等，偏向面向对象编程。对于类unix系统环境下使用python做网络爬虫进行数据采集和处理，以及c/s客户端服务器结构高并发有深入研究。,孙老师,高级讲师
6年嵌入式linux系统下Python开发、C/C++软件开发与教学，从事安卓应用程序开发，安卓底层嵌入式linux系统开发，安卓系统移植等。参与安卓智能家居系统、仓库物联网系统等项目，授课细心负责，应用比喻帮助知识理解吸收。,文老师,高级讲师
多年WEB前后端开发和编程讲师经验。熟悉WEB应用相关技术，产品、设计、WEB前端开发、PHP后端开发、网站运营等。熟悉数据科学相关技术：Python、数据分析、数据挖掘、机器学习、金融量化交易等。授课风格灵活、经验丰富。,程老师,高级讲师
五年软件开发经验，熟悉 HTML/CSS/JS语言，精通 Java、Android、Python 程序开发。主导过多款企业通讯软件开发，精通华为手机的固件开发。技术扎实，授课经验丰富，认真负责。,丁老师,高级讲师
多年Linux平台开发经验，精通Python，c／c++。专注机器学习／人工智能，研究过统计学习理论，熟悉模型背后的数学原理。做过推荐系统、NLP以及图像识别，主攻DL在NLP上的应用。擅长开源库、框架在机器学习方面应用，讲课深入浅出。,胡老师,高级讲师
具有多年软件开发经验，精通c/c++，python等编程语言，熟练掌握html，css，js等前端开发语言，精通linux服务器编程，对web网站开发有着深入的研究和理解，授课经验丰富，工作认真负责。,李老师,高级讲师
"具有多年的软件开发经验和丰富的教学经验,主导开发过人人客户端,56视频,搜狐旗下狐狸金融等项目。精通Python,Java,Objective-C,Swift等编程语言。对TCP/IP网络协议,视频编解码,数据库等技术有丰富的实战经验。",潘老师,高级讲师
"多年web,移动端开发经验，精通Android，iOS、Web开发，熟悉python、go语言,主导过多款项目开发。包括汽车硬件蓝牙通信、旅游、招聘、办公、社交等领域。较强的产品意识，快速提供解决方案。丰富教学经验，善于讲解项目中的细节难点。",闫老师,高级讲师
毕业于吉林工业大学，资深web工程师，在web开发与应用方面拥有多年实践和教学经验，先后为农业部信息中心和用友公司等单位服务过。讲课思路清晰易懂，语言幽默风趣，作风细致耐心。对程序开发的感悟是：Just do it !,罗老师,高级讲师
后端开发出身，曾在金和软件参与大型SOA项目开发；后入职国美集团旗下，负责前端开发工作。基础扎实，深入原理。热爱技术，喜欢读书，看过大量有关前端方面的书籍。 为人友善，知识面广泛。,刘老师,高级讲师
"两年大中型项目开发经验,曾就职于某大型外企，在软件开发和培训方面积累了丰富的经验,参与电商平台、特许行业CRM系统等项目，涉足跨平台技术解决方案、.Net、Node.js等平台。",李老师,高级讲师
Web前端工程师，具有多年Web开发经验，喜爱并热衷于前端开发，熟悉并掌握主流的前端开发技术，特别在移动开发方面积累了丰富的经验，同时熟悉PHP、NodeJS等服务端技术，具备“全栈开发”能力。Say less Do more!,赵老师,高级讲师
高级软件架构师，全栈开发，多年大型项目管理经验。对Web Components、Node.js、HTML5移动应用有深入研究。曾任职于国内知名电商团队技术总监。教学风趣幽默有激情，注重培养学生的学习能力，只要你肯玩命学，就能玩命教!,汪老师,高级讲师
多年PHP项目开发经验，曾主持etcms微信系统、etshop商城系统等多个大型项目开发。技术擅长PHP、ASP、Wechat、Javascript、jQuery、Linux、ThinkPHP。对手机网站、响应式设计、微信二次开发有丰富开发经验。,王老师,高级讲师
"拥有10年实践和教学经验，带领团队开发过多个电子商务平台，教务管理系统，信息搜索类网站，SNS型社区等；精通php、javascript 、Jquery、ajax、mysql优化、linux架构，nginx负载均衡，mongodb、php主流框架,开源产品二次开发等技术。",韩老师,高级讲师
"作为php工程师，具有多年php开发实战经验,对于DSP、SEM、CRM相关业务模式系统，进行过深入研究及开发，了解企业实际使用需求。追求开源技术，熟悉php高级应用、mysql优化、wap移动端、ajax异步操作、linux服务器搭建及其安全性设置等相关。",贾老师,高级讲师
多年PHP项目开发经验。参与开发企业后台管理系统，某大型教育机构全国招生系统，电子商务系统等。精通Html、JavaScript、DIV+CSS、jQuery、MySQL。精通ThinkPHP、CodeIgniter等开源框架，热爱开源技术。授课有激情，善于引导学生思考。,蒲老师,高级讲师
"资深网站工程师和设计讲师, 10年网站开发与教学经验，上百个网站项目成功案例，精通网站设计及开发。曾担任高级网站工程师，主持各种大型网站设计与开发，曾自主创建闪梦工作室，专门从事网站建设、软件开发等业务。",张老师	,高级讲师
10年以上视觉设计实战授课与营销策划经验，获注册策划师资格，CCTV电视传播研究部课题研发组首席设计师。推崇“案例驱动式”及“任务获取式”授课。精通Ps、Ai、Axure等设计与交互软件及Web、Ui、字体、标志、Vi设计等。,李老师,高级讲师
国内知名设计讲师。注重理论与实践结合，课堂气氛活跃，很多学员从公开课了解贺老师课程之后，从全国各地来传智播客，从而走上设计的高薪之路。曾就职于央视广告传媒公司设计总监、辽宁美术学院数字艺术系、国内某知名设计培训机构设计专业项目负责人。,贺老师,高级讲师
从事设计行业9年，曾在多家事业单位、大型公司担任设计总监和首席设计师，制定VI，以及画册、内刊、户外广告、产品包装、网站和软件登录界面设计，对平面、网页、交互式设计师技能培训具备多年经验。,李老师,高级讲师
"在传智播客执教多年，在网页平面设计学科创始之前，曾任职于Java教学部，精通于HTML5、CSS3、JavaScript、JQuery、Ajax等前端技术。对待学生认真耐心,授课风格调理清晰，深入浅出。",刘老师,高级讲师
国内设计色彩搭配知名博主、十年工作经验。擅长软件：Photoshop、Illustrator、CorelDRAW、Sketch、AxureRP、justinmind等。服务客户：欧莱雅、万科地产、嘉顿食品、盛大游戏、宝马、阿里巴巴、新浪网、腾讯大粤网等。,高老师,高级讲师
精通HTML、CSS、JavaScript、HTML5、CSS3等web前端开发技术，技术纯熟，项目经验丰富。授课风趣幽默，知识点讲解详细、深入，学生喜爱。以不同的授课风格打破代码课程对学生的常规束缚，引导不同基础的学生日有所长。,赵老师,高级讲师
美术学专业毕业。国内知名WEB设计师，设计联盟专访设计师。对视觉设计、体验设计、交互设计、动画制作、影视后期等诸多方面有深入研究，服务过多家世界五百强企业包括腾讯、IBM、路虎汽车、通用汽车、宝马中国、海尔集团、芒果TV等等。 ,谭老师,高级讲师
毕业于北京科技大学，先后在浪潮、中国数码集团、新网等知名企业担任前端工程师，精通html、css、js，jquery，热爱各种前端技术，对前端交互有很深的见解。授课风格风趣幽默，擅长用磁性的声线引领同学，专治“代码恐惧症”。,恩老师,高级讲师
"05年毕业于商业美术系，OSTA认证设计师，精通PS/AI/CDR/ID /PDF/DW/CAD/3DSMAX ,在广告，印刷，网页及UI设计领域有丰富的项目经验，拥有10年视觉传达设计及授课经验，已成功将数千名不甘平庸者送上了设计师的岗位。",王老师,高级讲师
从事设计类行业十余年，主要从事网页UI设计、品牌VI设计及推广、平面广告、设计培训等，曾服务过国内外大型企事业单位，如：中国移动、中国电信、贵州电视台、中石化、华为、中天城投集团贵阳国际生态会议中心。,杨老师,高级讲师
9年设计经验及授课经验，Adobe认证讲师；授课及实战经验丰富，讲课通俗易懂；幽默风趣；实战式教学，一切教学从工作出发，培训出了众多技术过硬的优秀设计师。对UI设计，网站设计、平面印刷广告 包装设计，VI设计等有着深刻的研究。,陈老师,高级讲师
拥有丰富的教学经验和项目开发经验，为多家公司做技术支持与网站后台维护。精通XHTML/CSS，Javascript、Jquery、Ajax等技术；深刻理解Web标准，对可用性、可访问性等有实际的了解和实践经验；对HTML5、CSS3有较深研究。,沈老师,高级讲师
前端工程师，就职于网易传媒，先后服务于网易产技中心和网易汽车中心，参与网易首页改版及汽车经销商系统等项目研发。极其热爱原生javascript语言，推崇简单幽默的教学方式，充满激情。,石老师,高级讲师
"精通XHTML/HTML5，Css/Css3,Javascript，响应式等前端技术，擅长解决兼容性问题，深入掌握jQuery，Bootstrap，Less，Sass等技术框架。包括移动端微信商城、PC端商城、系统后台界面、官网展示，熟悉前后端数据交互流程。",苏老师,高级讲师
国内较早从事Web开发的一线技术人员。多年致力于HTML、CSS、JavaScript、jQuery等技术研究实践。精通W3C网页制作标准，对大中型网站的CSS组织见解深刻。著有教材《Web标准网页制作实例教程》，活跃在技术社区，有大量粉丝。,王老师,高级讲师
精通网页前端技术及php网站开发，曾任某IT公司技术总监，服务于中国联通、中国石油、国家图书馆等。曾长期在首都师范大学任专职讲师，在北京林业大学等国内知名大学任客座讲师，讲课诙谐幽默深处浅出，深得学生喜爱。,成老师,高级讲师
有近十年的平面设计经验，曾服务于上海红十字会与上海电力集团合作项目红会文化传媒工作，对制定企业VI，画册、内刊、会展广告、 产品包装颇有心得。 从事设计教育行业多年，讲课风趣幽默有自己独特的风格，会将自身设计领域的经验与课堂内容结合。,缪老师,高级讲师
从事多年web前端开发，对符合W3C标准的网站的开发有丰富的经验和独到的见解。精通html、css、JavaScript、DOM、JQuery等前端技术。曾主持中国法律资讯门户网站启法网前端开发，移动OA办公系统运筹宝的HTML5前端开发，及多个大型网站开发。,庄老师,高级讲师
精通网站前端制作的各项技术，包括JavaScript、jQuery、Ajax、Seajs，熟悉JAVA、SQL Server、MySql等编程语言和数据库系统。为蚂蚁金服O2O实战训练营成都站、鞍山站提供线上推广技术支持等多项大型项目。,许老师,高级讲师
多年专注于设计方向和教学研究工作. 曾在多个设计公司担任艺术创意总监。具备丰厚的绘画经验。曾多次受邀在大型活动和展会现场作画。受邀参与设计的单位有： cctv纪录片频道、湖南省人民政府、北京世通华纳控股集团、北京完美动力动画学院等。,金老师,高级讲师
拥有9年设计经验，设计联盟推荐设计师，曾任国内知名设计公司首席设计师。坚持原创设计，注重用户体验，对设计有独特见解和多样设计风格。精通Photoshop、Fireworks、Illustrator软件，熟悉html、Css和Flash动画设计。,邓老师,高级讲师
从事八年多设计工作，主攻UI界面视觉、UI界面交互，曾就职大业工业设计公司、四川九洲电子集团等知名企业。主导开发设计的多款红外手持设备，远销欧美各国，设计的PC端软件界面IR370舰船跟踪取证系统，应用在钓鱼岛中国海监船保卫海疆。,龚老师,高级讲师
"多年web开发经验，曾供职于360,百度。擅长JavaScript、jQuery, Ajax、HTML5,CSS3移动端开发，及PHP,Nodejs后端语言,热爱原生JavaScript重性能优化。北京语言大学计算机本科毕业，授课耐心,注重锻炼学生扎实基础和解决问题能力,你拼命学,我拼命教。",朱老师,高级讲师
插画专业毕业，从事设计领域品牌、广告、装帧、网页、UI等多方面。曾就职安天信息主导负责移动端杀毒软件的UI部分。带领团队完成了360旗下移动端自主APP奇酷相机和光谷联合控股家居APP梦想家UI视觉部分。对移动端有丰富UI设计经验。,李老师,高级讲师
拥有十年的资深平面设计经验，精通PS/AI/ID等软件。擅长字体/包装/商标/Vi/海报等设计，曾服务于华为、联想、松下电气、东芝电脑、爱默生、GE医疗、中国国药集团、天津邦盛医疗集团、360安全卫士、中印友好协会等众多知名企业。,宋老师,高级讲师
2000年进入设计行业，长期奋斗在广深莞等城市的一线设计岗位。曾在深圳SML、创维电视、华润集团等公司担任首席设计师与总监职位。07年进入培训行业，后担任东莞市成人文化技术学校设计学科教学总监。,方老师,高级讲师
5年以上开发经验，毕业于北京工业大学，精通html，css，JavaScript，JQuery，Ajax，前后端交互。对Web开发前后端设计有丰富的经验，曾在多家知名企业担任技术经理。授课思路清晰，善于用引导的方式进行教学。,刘老师,高级讲师
从事设计行业七年，精通多种设计软件及多媒体软件。曾在知名广告公司担任设计师及设计总监要职。服务企业包含深圳海洋局、招商地产、香港珠宝、华润集团等知名企业。12年投身教育事业，桃李满天下。授课风格通俗易懂、幽默风趣深受广大学员爱戴。,曾老师,高级讲师
拥有近十年设计经验，对品牌VI、平面、电商颇有心得，地产、旅游项目包装经验丰富，专注于设计方向和培训研究工作。 曾担任多个设计公司艺术创意总监职务。崇尚本真，传递能量，融汇实战经验于课堂，我们让设计学习更鲜活。,梁老师,高级讲师
视觉传达设计专业，拥有七年的设计经验。精通photoshop、illusstrator，Axure等常用设计软件，熟练Html，CSS等前端技术。曾创办独立设计工作室，授课风格幽默，思路清晰。时常告诫学生莫忘做设计的那份初心，才能方得始终！,闫老师,高级讲师
13年互联网视觉设计经验。早期在各种建站公司担任网页设计师，负责各行业客户的网页、动画、代码，等设计；中期从事数字互动设计，带领团队拿下如华为、中兴、华润、TCL项目，期间团队作品荣获OneShow金铅笔奖;后期专注于智能硬件的APP设计。,杨老师,高级讲师
工作至今一直从事网页设计、Web前端开发、H5开发工程师等网页开发职位。开发过个人版jQuery(zQuery)供各大前端开发者使用。擅长移动端、PC端网站开发性能优化，SEO搜索引擎优化，用户体验有较深见解。,陈老师,高级讲师
高级软件架构师，全栈开发，多年大型项目管理经验。对Web Components、Node.js、HTML5移动应用有深入研究。曾任职于国内知名电商团队技术总监。教学风趣幽默有激情，注重培养学生的学习能力，只要你肯玩命学，就能玩命教!,汪老师,高级讲师
"资深移动互联软件开发工程师。从事移动互联开发6年，从事教学工作三年。熟悉Windows Phone, iOS等平台的应用级开发。参与项目：广东省大学生就业服务平台，长沙市某建材交易信息网，广州市某大型地产手机信息交易平台。",伍老师,高级讲师
"多年软件开发经验和教学经验，精通html，css，js,asp.net等编程语言和数据库系统。深入研究流行框架bootstrap,ligerui,easyui等前端框架，在js面向对象上有很深的造诣。",江老师,高级讲师
兼具前后端软件项目开发经验，对前端HTML，CSS，JS有深厚的技术功底。熟悉java语言，对Struts2，spring，hibernate，Oracle，MySQL等后台技术熟练使用。参与开发ERP系统、内部OA办公系统、电商项目、联通电信虚拟运营商计费系统等。,吕老师	,高级讲师	
前端开发工程师和软件开发工程师， 5年软件开发项目经验，精通网站前端设计和Html、JavaScript、CSS+DIV、Regular Expressions和Ajax以及客户端技术的使用。,段老师,高级讲师
"后端开发出身，曾在金和软件参与大型SOA项目开发；后入职国美集团旗下，负责前端开发工作。基础扎实，深入原理。热爱技术，喜欢读书，看过大量有关前端方面的书籍。
为人友善，知识面广泛。",刘老师,高级讲师
师范大学计算机科学与技术专业毕业。多年互联网和移动互联网开发经验，参与开发项目：广东省移动物流信息管理系统、深圳移动配送一体化平台、深圳移动领导视窗、珠海移动领导视窗等。在移动端主持开发《广东省移动物流信息管理系统-PDA端》等。,彭老师,高级讲师
5年开发，3年前端，2年全栈。曾就职于欧唯特信息系统（贝塔斯曼）、广东华邦云计算 ，先后参与了广本官网、长城物业一应云平台、益海嘉里集团(金龙鱼所属)KDS-Lite2、上海市金山区环保局网站、华邦云CRM等项目的开发、维护。,成老师,高级讲师
"两年大中型项目开发经验,曾就职于某大型外企，在软件开发和培训方面积累了丰富的经验,参与电商平台、特许行业CRM系统等项目，涉足跨平台技术解决方案、.Net、Node.js等平台。",李老师,高级讲师
6年互联网行业从业经验，曾任职国内某著名电信运营商工程师一职。精通html、css、js、jquery、HTML5、Ajax等各种前端技术及React、AngularJS等流行框架，熟悉后台语言.NET。,王老师,高级讲师
从事前端开发工作多年，精通JavaScript、DOM、JQuery、Ajax等前端技术，对前端各个领域均有浓厚兴趣。在教学方面喜欢“较真”，对课程知识的细节极为看重，秉承传智播客务实的理念，认真对待每一节课，让每个传智学子不留遗憾！,吴老师,高级讲师
"多年前端工作经验， 独立架构""兜世宝""项目pc端及移动端，多家企业前端规范制定者 。 并参与“星通北斗”，“办公24”，“淘美人”，“项目后台管理系统”等大型项目开发。 精通html、 css、 Js、 jquery 、ajax 。 并对html5 和响应式布局有独到见解。",沈老师,高级讲师
从事前端开发多年，有丰富的浏览器兼容和前端开发经验，精通html5+css3，精通移动web开发。曾担任某互联网公司前端主管。,周老师,高级讲师
Web前端工程师，具有多年Web开发经验，喜爱并热衷于前端开发，熟悉并掌握主流的前端开发技术，特别在移动开发方面积累了丰富的经验，同时熟悉PHP、NodeJS等服务端技术，具备“全栈开发”能力。Say less Do more!,赵老师,高级讲师
狂热型技术控，先后涉足网络安全，软件/网站开发，移动应用开发等领域。精通C\C++、OC、C#、JavaScript、Python等多项开发语言。拥有丰富的企业级应用架构以及开发经验。授课风格风趣幽默，注重与学生的沟通，深得学生好评。,潘老师,高级讲师
"从事软件开发工作多年，涉及.Net、HTML5、Unity3d、IOS等平台，曾参与乌龟猜猜,敲打乐敲你妹等跨平台游戏项目的开发，之后投身教育行业,授课过程中擅长使用图片、动画把知识点化繁为简,深受学员喜爱。",胡老师,高级讲师
"五年以上教学经验及多年开发经验,精通C/S架构、B/S架构,涉足.NET、IOS等技术平台及各种数据库系统。精通多种主流编程语言。课上行云流水,通俗易懂,由浅入深,诙谐幽默。待学员如初恋,一个肯为学员玩命教学的男人! ",杨老师,高级讲师
